{
  "validation": {
    "probabilities": [
      0.11427120061446715,
      0.18700626833939046,
      0.3232767686402949,
      0.8011033690536015,
      0.3538408931165688,
      0.8312930031671475,
      0.6669315568500842,
      0.12033730683668288,
      0.7182108295545608,
      0.20823042130267794,
      0.567889347788418,
      0.42973893626399856,
      0.40206663550094024,
      0.8067402831661253,
      0.2334775198623449,
      0.5704569430883568,
      0.6436329458887718,
      0.08982452414578712,
      0.5301452382519704,
      0.08167832526711441,
      0.6744830357706043,
      0.3081337060428771,
      0.24937644984671614,
      0.6042966438360589
    ],
    "labels": [
      0,
      0,
      0,
      1,
      0,
      1,
      1,
      0,
      1,
      0,
      1,
      0,
      0,
      1,
      0,
      1,
      1,
      0,
      1,
      0,
      1,
      0,
      0,
      1
    ]
  },
  "test": {
    "probabilities": [
      0.20150854486856806,
      0.7546111982291662,
      0.2479420288079777,
      0.23417697336673027,
      0.5817978979298924,
      0.6181514621326886,
      0.7732105890846397,
      0.7694566075425242,
      0.391760713952204,
      0.7609532095503319,
      0.8217746134070288,
      0.6050999253746288,
      0.12762338942043036,
      0.18874754196600113,
      0.20278883678482387,
      0.13999362782085253,
      0.6641408696624557,
      0.21689280985655868,
      0.11833445687317476,
      0.33334567229467715,
      0.23810102920568632,
      0.16767169919900154,
      0.22831742869072155,
      0.6565402370852157
    ],
    "labels": [
      0,
      1,
      0,
      0,
      1,
      1,
      1,
      1,
      0,
      1,
      1,
      1,
      0,
      0,
      0,
      0,
      1,
      0,
      0,
      0,
      0,
      0,
      0,
      1
    ]
  }
}